1,Florenza,Wilcot,47,fwilcot0@ustream.tv
2,Olive,Slatten,4,oslatten1@marriott.com
3,Kris,Hillin,76,khillin2@cafepress.com
5,Rozanne,Tadlow,64,rtadlow4@livejournal.com
6,Northrop,Scaice,46,nscaice5@artisteer.com
9,Elisha,Swepson,97,eswepson8@gnu.org
10,Cherrita,Backwell,85,cbackwell9@harvard.edu
11,Cordie,Gorini,98,cgorinia@ustream.tv
13,Brad,Longthorn,100,blongthornc@microsoft.com
14,Fiorenze,Jillard,52,fjillardd@example.com
15,Whitney,Passe,19,wpassee@soup.io
16,Evered,Jebb,79,ejebbf@hugedomains.com
17,Corliss,Goudman,20,cgoudmang@cbsnews.com
18,Nona,Murrie,46,nmurrieh@scientificamerican.com
19,Aubrey,Bummfrey,9,abummfreyi@springer.com
20,Kath,Petraitis,99,kpetraitisj@umich.edu
23,Theresita,Pally,65,tpallym@vkontakte.ru
24,Karee,Grestie,11,kgrestien@nasa.gov
25,Paxon,Ditchburn,6,pditchburno@arizona.edu
26,Codee,Piborn,61,cpibornp@tuttocitta.it
27,Reynolds,Krolle,59,rkrolleq@infoseek.co.jp
28,Gunther,Adamo,7,gadamor@example.com
29,Shela,O'Dee,71,sodees@answers.com
30,Timmie,Mahood,49,tmahoodt@adobe.com
32,Yoko,Orae,88,yoraev@constantcontact.com
34,Emmy,Harriot,60,eharriotx@t-online.de
37,Nanny,Leimster,100,nleimster10@china.com.cn
38,Beverly,Horwell,54,bhorwell11@addthis.com
39,Morganne,Lammerich,10,mlammerich12@cnet.com
40,Verge,Jime,77,vjime13@hp.com
41,Sasha,Valadez,89,svaladez14@nih.gov
43,Jourdain,Romei,95,jromei16@about.me
44,Yetty,Pods,7,ypods17@booking.com
45,Helli,Gavaghan,100,hgavaghan18@berkeley.edu
48,Tim,Raisbeck,79,traisbeck1b@mit.edu
49,Clint,Allchorn,47,callchorn1c@wikia.com
50,Bettye,Giorgione,63,bgiorgione1d@wordpress.org
52,Maison,Creswell,78,mcreswell1f@hao123.com
56,Mort,Strettle,53,mstrettle1j@comcast.net
58,Dory,McIlvoray,54,dmcilvoray1l@friendfeed.com
60,Terra,Beyer,13,tbeyer1n@facebook.com
61,Winnah,Austing,93,wausting1o@vkontakte.ru
64,Amil,Froment,12,afroment1r@usda.gov
65,Paco,Amberson,50,pamberson1s@ftc.gov
67,Neddie,Brooker,70,nbrooker1u@smh.com.au
68,Madelena,Reach,97,mreach1v@amazon.com
69,Edmund,Gilluley,53,egilluley1w@google.com.hk
72,Shell,Oliva,57,soliva1z@bing.com
74,Dudley,Torrent,86,dtorrent21@samsung.com
75,Ashien,Osmund,58,aosmund22@istockphoto.com
76,Son,Ludovici,89,sludovici23@hc360.com
77,Frederic,Kubacek,16,fkubacek24@netvibes.com
78,Isa,Hankin,77,ihankin25@amazon.co.jp
79,Loren,Memmory,68,lmemmory26@theglobeandmail.com
80,Agnola,Iapico,56,aiapico27@4shared.com
81,Janaye,Foucher,60,jfoucher28@digg.com
82,Alyss,Latchford,4,alatchford29@is.gd
83,Drucy,Bollum,84,dbollum2a@timesonline.co.uk
84,Renee,Ricardou,80,rricardou2b@github.io
85,Delphine,Cumming,14,dcumming2c@nytimes.com
86,Tedra,Nanni,20,tnanni2d@ehow.com
87,Demetri,Buscombe,69,dbuscombe2e@twitpic.com
88,Laney,Shuter,51,lshuter2f@hostgator.com
90,Elwood,Choake,86,echoake2h@seattletimes.com
91,Tiebold,Mardlin,86,tmardlin2i@github.com
92,Courtenay,Jarrette,64,cjarrette2j@diigo.com
94,Matthaeus,Clemot,80,mclemot2l@opensource.org
95,Rosa,Ferro,91,rferro2m@t.co
97,Tani,McKinley,15,tmckinley2o@salon.com
100,Bobbee,Debow,66,bdebow2r@yellowpages.com
101,Dru,Telling,95,dtelling2s@sakura.ne.jp
102,Chrissie,Shuter,91,cshuter2t@clickbank.net
104,Leupold,Cota,48,lcota2v@phoca.cz
106,Euphemia,Studdal,47,estuddal2x@vinaora.com
107,Chuck,Jurgen,6,cjurgen2y@dailymail.co.uk
108,Robert,Nertney,8,rnertney2z@ca.gov
109,Augusto,Colam,88,acolam30@addtoany.com
111,Bartram,Derill,76,bderill32@51.la
112,Dolly,Lovelady,54,dlovelady33@altervista.org
113,Lezley,Gurge,9,lgurge34@csmonitor.com
114,Aldous,Desson,88,adesson35@nba.com
115,Vance,Mongan,1,vmongan36@storify.com
116,Angelique,Redmire,91,aredmire37@cocolog-nifty.com
119,Sapphire,Hinemoor,83,shinemoor3a@goodreads.com
123,Jules,Pickston,60,jpickston3e@epa.gov
124,Lidia,Harrismith,60,lharrismith3f@virginia.edu
125,Clea,Plumptre,88,cplumptre3g@51.la
126,Huberto,Trower,16,htrower3h@hhs.gov
127,Taddeusz,Izkoveski,18,tizkoveski3i@dropbox.com
128,Susy,Parchment,20,sparchment3j@is.gd
130,Lurlene,Stuffins,90,lstuffins3l@dropbox.com
131,Alix,Biagi,97,abiagi3m@discovery.com
132,Hinda,Potteridge,77,hpotteridge3n@dyndns.org
134,Electra,Weiner,61,eweiner3p@prlog.org
141,Byran,Lindley,57,blindley3w@omniture.com
142,Licha,Shreeves,85,lshreeves3x@cnbc.com
143,Ailyn,Checketts,52,achecketts3y@altervista.org
144,Bethanne,Allitt,61,ballitt3z@sourceforge.net
145,Marvin,Ness,94,mness40@canalblog.com
146,Niall,Brister,89,nbrister41@barnesandnoble.com
147,Hermon,Parfitt,5,hparfitt42@unc.edu
149,Pauly,Gerlack,12,pgerlack44@accuweather.com
150,Jaquelin,O'Glassane,74,joglassane45@deliciousdays.com
151,Barnabe,Rioch,72,brioch46@jigsy.com
152,Fannie,Dibden,86,fdibden47@freewebs.com
153,Kirstyn,Patman,60,kpatman48@telegraph.co.uk
154,Yolanda,Jennings,67,yjennings49@guardian.co.uk
155,Adolf,Barnhill,6,abarnhill4a@marriott.com
157,Clarita,O'Crevy,67,cocrevy4c@china.com.cn
158,Sherri,Volkers,50,svolkers4d@goodreads.com
159,Nat,Cocker,88,ncocker4e@usgs.gov
160,Coleen,Johnston,53,cjohnston4f@delicious.com
161,Kizzie,Weagener,64,kweagener4g@fda.gov
163,Christen,Gascoine,69,cgascoine4i@gnu.org
164,Drew,Hollindale,3,dhollindale4j@sina.com.cn
165,Anatola,Dumpleton,8,adumpleton4k@elegantthemes.com
166,Ned,Fitzgerald,93,nfitzgerald4l@harvard.edu
167,Lola,Malkinson,61,lmalkinson4m@weebly.com
168,Austina,Grimoldby,55,agrimoldby4n@google.com.au
170,Tedda,Doerrling,83,tdoerrling4p@nba.com
171,Fernanda,Ashforth,93,fashforth4q@hibu.com
172,Darda,Beange,98,dbeange4r@un.org
174,Neila,Pounds,65,npounds4t@behance.net
178,Martyn,Benfield,54,mbenfield4x@reverbnation.com
179,Adelice,O' Borne,50,aoborne4y@livejournal.com
181,Marina,Magson,19,mmagson50@ning.com
182,Jerad,Mablestone,74,jmablestone51@deliciousdays.com
183,Griffin,Fairholme,52,gfairholme52@slate.com
185,Persis,Gomersall,68,pgomersall54@squarespace.com
186,Quintina,Farey,19,qfarey55@slideshare.net
188,Kalinda,Ginn,80,kginn57@networkadvertising.org
189,Sonia,Feighney,6,sfeighney58@soundcloud.com
190,Charlotte,Cambden,4,ccambden59@si.edu
191,Ranee,Revelle,77,rrevelle5a@baidu.com
192,Annnora,Matushenko,15,amatushenko5b@ucsd.edu
194,Sibel,Mendel,71,smendel5d@cyberchimps.com
195,Nels,La Padula,77,nlapadula5e@wisc.edu
197,Dudley,Bonsale,16,dbonsale5g@bloomberg.com
198,Sheena,Kuhne,88,skuhne5h@ibm.com
199,Melisandra,Lovick,67,mlovick5i@delicious.com
200,Maible,Rothon,70,mrothon5j@chicagotribune.com
201,Hermann,Airds,63,hairds5k@sourceforge.net
202,Antone,Apfelmann,7,aapfelmann5l@mayoclinic.com
203,Andee,Dinsmore,50,adinsmore5m@rakuten.co.jp
204,Katy,Partener,6,kpartener5n@chron.com
209,Dalton,Farrent,77,dfarrent5s@github.com
210,Emlynne,Tutchener,79,etutchener5t@tripod.com
213,Mickie,Birney,85,mbirney5w@ebay.co.uk
215,Mayer,Olczak,49,molczak5y@jugem.jp
216,Flory,Dalrymple,49,fdalrymple5z@last.fm
217,Thorndike,Robelet,1,trobelet60@about.com
221,Evita,Alltimes,53,ealltimes64@4shared.com
223,Dix,Caines,52,dcaines66@narod.ru
224,Lorain,Bickell,16,lbickell67@homestead.com
225,Zed,Matelyunas,54,zmatelyunas68@blogtalkradio.com
226,Rinaldo,Willshee,12,rwillshee69@guardian.co.uk
227,Verina,Richten,87,vrichten6a@cafepress.com
228,Roselia,Pheasey,92,rpheasey6b@cloudflare.com
230,Diandra,Darrel,89,ddarrel6d@godaddy.com
231,Dex,Chiene,82,dchiene6e@example.com
232,Dorene,Allinson,94,dallinson6f@harvard.edu
233,Venus,Lutsch,20,vlutsch6g@vimeo.com
234,Bartel,Bythell,90,bbythell6h@creativecommons.org
235,Cullin,Danshin,78,cdanshin6i@webmd.com
239,Darcie,Bake,69,dbake6m@walmart.com
240,Dulcia,Dover,89,ddover6n@w3.org
241,Cedric,Gueinn,7,cgueinn6o@walmart.com
242,Jaquelyn,Vobes,46,jvobes6p@wisc.edu
243,Rockwell,Northfield,49,rnorthfield6q@amazonaws.com
244,Christal,Secker,52,csecker6r@ehow.com
245,Bartram,O'Mannion,83,bomannion6s@springer.com
246,Morry,Brasted,96,mbrasted6t@seattletimes.com
247,Herbert,Lamond,3,hlamond6u@java.com
248,Emili,Gosker,55,egosker6v@elegantthemes.com
251,Josee,Radolf,86,jradolf6y@columbia.edu
252,Olympia,Brumfitt,69,obrumfitt6z@odnoklassniki.ru
254,Lelah,Toope,5,ltoope71@apple.com
256,Bess,Guion,7,bguion73@unesco.org
257,Edmon,Brewin,89,ebrewin74@tamu.edu
258,Gil,Shimmans,20,gshimmans75@smh.com.au
260,Hedwig,Doog,62,hdoog77@abc.net.au
262,Danika,Exposito,4,dexposito79@taobao.com
263,Rodolfo,Lesper,96,rlesper7a@squidoo.com
264,Morissa,Canellas,66,mcanellas7b@geocities.com
265,Sandor,Eisold,11,seisold7c@seesaa.net
266,Carline,Sail,80,csail7d@unicef.org
267,Silvana,Mounch,84,smounch7e@yale.edu
268,Nicko,Huygens,71,nhuygens7f@com.com
269,Irvin,Leggan,59,ileggan7g@smugmug.com
270,Cherie,Brandi,90,cbrandi7h@qq.com
271,Serge,Aidler,77,saidler7i@tiny.cc
273,Horatius,Becken,56,hbecken7k@icio.us
275,Budd,Jorat,69,bjorat7m@dyndns.org
276,Charley,Petheridge,62,cpetheridge7n@netscape.com
277,Elbertine,Brimfield,89,ebrimfield7o@wp.com
278,Isaak,Duddell,7,iduddell7p@indiegogo.com
279,Roselle,McKie,48,rmckie7q@wikipedia.org
280,Garret,Jerg,48,gjerg7r@usatoday.com
282,Alvy,Gibling,3,agibling7t@theguardian.com
283,Lek,Beak,63,lbeak7u@microsoft.com
285,Connie,Uman,74,cuman7w@google.co.jp
286,Dottie,Dearnaley,78,ddearnaley7x@drupal.org
287,Christie,Botfield,72,cbotfield7y@moonfruit.com
288,Maxine,Hundey,54,mhundey7z@usda.gov
290,Corty,de Tocqueville,7,cdetocqueville81@psu.edu
291,Godwin,Odde,9,godde82@foxnews.com
292,Saxe,Obington,52,sobington83@seesaa.net
295,Essie,Borrell,7,eborrell86@sphinn.com
296,Livy,Marty,14,lmarty87@howstuffworks.com
297,Edmon,McPolin,59,emcpolin88@indiegogo.com
298,Joelynn,Droogan,69,jdroogan89@chron.com
299,Rhea,Tumasian,94,rtumasian8a@pinterest.com
300,Colline,Wrintmore,51,cwrintmore8b@mozilla.org
301,Devonne,Giovani,62,dgiovani8c@google.it
302,Kliment,Wharby,78,kwharby8d@army.mil
303,Kippy,Breache,82,kbreache8e@theatlantic.com
304,Moritz,Bullier,14,mbullier8f@google.com.hk
305,Cherice,McNysche,98,cmcnysche8g@cornell.edu
307,Leontyne,Cundict,92,lcundict8i@lulu.com
308,Xaviera,Rolland,60,xrolland8j@sun.com
311,Royall,Rappport,85,rrappport8m@kickstarter.com
312,Corrianne,Eckert,70,ceckert8n@yale.edu
314,Evangelin,Stannas,46,estannas8p@wiley.com
315,Chane,Jedrzaszkiewicz,17,cjedrzaszkiewicz8q@wikipedia.org
316,Jacquenetta,Wildsmith,52,jwildsmith8r@reverbnation.com
317,Dimitri,Bromet,92,dbromet8s@nps.gov
318,Germain,Clabburn,54,gclabburn8t@ezinearticles.com
319,Merwyn,Mintrim,87,mmintrim8u@liveinternet.ru
320,Craggy,Derrick,76,cderrick8v@diigo.com
321,Esteban,O'Mohun,71,eomohun8w@berkeley.edu
322,Rosette,Abotson,6,rabotson8x@marketwatch.com
323,Keene,Kohrs,62,kkohrs8y@github.com
324,Mateo,Imlach,87,mimlach8z@live.com
325,Devina,Breston,73,dbreston90@wsj.com
326,Iosep,Spedroni,75,ispedroni91@etsy.com
327,Jerrold,Emanuelov,75,jemanuelov92@nih.gov
328,Amii,Budibent,97,abudibent93@ox.ac.uk
329,Fitz,Puffett,14,fpuffett94@buzzfeed.com
330,Deina,Vickars,2,dvickars95@marriott.com
331,Corissa,Handasyde,46,chandasyde96@unesco.org
332,Kristofer,Helsdon,79,khelsdon97@weather.com
333,Lezley,Ramelot,6,lramelot98@instagram.com
334,Herrick,Barrowclough,74,hbarrowclough99@phoca.cz
337,Tracey,Bolesma,74,tbolesma9c@bloglines.com
339,Tildie,Windmill,76,twindmill9e@lulu.com
340,Filia,Adlam,11,fadlam9f@t-online.de
342,Dietrich,Ambrosini,2,dambrosini9h@sourceforge.net
343,Meagan,Dogg,78,mdogg9i@gravatar.com
344,Maryanna,Aurelius,61,maurelius9j@hugedomains.com
346,Ettie,Grabham,5,egrabham9l@geocities.jp
348,Marcela,Jaray,66,mjaray9n@kickstarter.com
349,Jaye,Beardsworth,64,jbeardsworth9o@umn.edu
350,Ole,Verdie,5,overdie9p@jalbum.net
351,Davida,Buse,90,dbuse9q@purevolume.com
353,Lucas,Muzzini,72,lmuzzini9s@imgur.com
354,Benson,Demanche,97,bdemanche9t@chron.com
355,Terra,Dugget,10,tdugget9u@smugmug.com
357,Maggie,Pioch,93,mpioch9w@webnode.com
358,Hesther,Joder,79,hjoder9x@elegantthemes.com
359,Faber,Snozzwell,100,fsnozzwell9y@amazon.de
360,Prent,Loding,69,ploding9z@woothemes.com
361,Laurene,Trayhorn,58,ltrayhorna0@bizjournals.com
362,Cristabel,MacCorkell,46,cmaccorkella1@accuweather.com
363,Ketty,Ville,68,kvillea2@dagondesign.com
364,Cammi,Halleybone,68,challeybonea3@t.co
367,Oralia,Goulter,95,ogoultera6@techcrunch.com
368,Carma,Golborn,58,cgolborna7@ucla.edu
369,Kyle,Pitrelli,49,kpitrellia8@marketwatch.com
372,Hewie,Cherrington,91,hcherringtonab@hatena.ne.jp
373,Aleece,Sawfoot,7,asawfootac@ucsd.edu
374,Camilla,Corwin,63,ccorwinad@amazon.co.jp
375,Gabriellia,Tyhurst,49,gtyhurstae@creativecommons.org
376,Cherry,Yakovliv,82,cyakovlivaf@usa.gov
377,Lara,Bevis,79,lbevisag@51.la
378,Vannie,Dunridge,16,vdunridgeah@cbc.ca
379,Tiena,Emanuelov,89,temanuelovai@ca.gov
380,Shellysheldon,O'Drought,5,sodroughtaj@state.tx.us
381,Urbano,Dobing,87,udobingak@diigo.com
382,Mark,Heineking,52,mheinekingal@chron.com
383,Olwen,Delacourt,1,odelacourtam@umn.edu
384,Sharyl,Narey,83,snareyan@phoca.cz
385,Ninon,Keelinge,55,nkeelingeao@sitemeter.com
388,Karney,Hemerijk,9,khemerijkar@ucoz.ru
389,Kaylee,Hanley,59,khanleyas@adobe.com
390,Theodoric,Tipple,66,ttippleat@sun.com
391,Haslett,Manifould,97,hmanifouldau@cbc.ca
395,Maxwell,Maddison,78,mmaddisonay@github.io
396,Krysta,Rashleigh,57,krashleighaz@rediff.com
397,Ruperta,Shinfield,51,rshinfieldb0@dot.gov
398,Sigfried,Geldart,50,sgeldartb1@instagram.com
399,Antonietta,Bushen,6,abushenb2@unicef.org
400,Johannah,Pimley,99,jpimleyb3@domainmarket.com
402,Sandy,MacDowall,14,smacdowallb5@va.gov
403,Ugo,Immins,84,uimminsb6@is.gd
405,Tristam,Izkovitch,92,tizkovitchb8@ucsd.edu
406,Sherman,McCartan,74,smccartanb9@usgs.gov
407,Morgan,Dorking,88,mdorkingba@cnbc.com
408,Elayne,Dumpleton,46,edumpletonbb@abc.net.au
410,Roma,Aloshkin,71,raloshkinbd@time.com
411,Lefty,Birch,48,lbirchbe@istockphoto.com
412,Demott,Beville,56,dbevillebf@ucla.edu
413,Noni,Schwandermann,16,nschwandermannbg@wsj.com
414,Krystyna,Vandenhoff,81,kvandenhoffbh@blogtalkradio.com
415,Rafe,Domico,95,rdomicobi@newyorker.com
416,Ursuline,Pallent,53,upallentbj@diigo.com
417,Nissy,Ortler,57,nortlerbk@canalblog.com
418,Anallise,Southward,46,asouthwardbl@ox.ac.uk
419,Guilbert,Janny,95,gjannybm@baidu.com
420,Rodolphe,Lambirth,3,rlambirthbn@google.de
421,Dalston,Goodchild,60,dgoodchildbo@mlb.com
424,Phebe,Hancell,60,phancellbr@dell.com
426,Lenore,Cooley,92,lcooleybt@desdev.cn
428,Van,Fawlkes,64,vfawlkesbv@free.fr
429,Cacilie,Lehon,18,clehonbw@imageshack.us
430,Enrique,Limerick,90,elimerickbx@businessweek.com
432,Minni,Mimmack,70,mmimmackbz@aol.com
433,Celina,McCaffery,6,cmccafferyc0@phoca.cz
435,Pearla,Blurton,18,pblurtonc2@japanpost.jp
436,Gustavo,Maleby,71,gmalebyc3@edublogs.org
437,Evelin,Jakubowsky,51,ejakubowskyc4@google.co.uk
438,Goddart,Birley,66,gbirleyc5@illinois.edu
439,Kristos,Iveagh,99,kiveaghc6@diigo.com
440,Gherardo,Le Marquis,17,glemarquisc7@narod.ru
441,Siobhan,Pristnor,78,spristnorc8@youku.com
442,Annabelle,Benois,86,abenoisc9@miitbeian.gov.cn
443,Chev,Blakeman,81,cblakemanca@geocities.com
444,Kellie,Coombe,16,kcoombecb@skyrock.com
446,Julietta,Hallsworth,59,jhallsworthcd@reuters.com
447,Holli,Spaice,4,hspaicece@java.com
448,Anatollo,Kenryd,98,akenrydcf@multiply.com
449,Hesther,Purchase,88,hpurchasecg@google.co.uk
450,Kristo,Wyrill,61,kwyrillch@w3.org
452,Arleyne,Ciobotaru,3,aciobotarucj@usnews.com
456,Ximenez,Chauvey,83,xchauveycn@bravesites.com
457,Otho,Fowgies,86,ofowgiesco@bigcartel.com
458,Madelle,Bickell,15,mbickellcp@washington.edu
459,Alexi,Cannon,69,acannoncq@discovery.com
460,Tobi,Dobrowolny,83,tdobrowolnycr@dell.com
461,Dorie,Leban,63,dlebancs@pbs.org
462,Minta,Mulford,98,mmulfordct@bbb.org
463,Annissa,Maxsted,92,amaxstedcu@wikimedia.org
464,Daile,Wathell,93,dwathellcv@goodreads.com
465,Huntlee,Seath,68,hseathcw@seattletimes.com
466,Martin,Paulet,10,mpauletcx@alexa.com
467,Faustina,Ropcke,67,fropckecy@shareasale.com
468,Akim,Hadeke,77,ahadekecz@cnbc.com
470,Glen,Shellard,14,gshellardd1@reverbnation.com
471,Allene,Lerner,17,alernerd2@mapy.cz
472,Meghann,Abbatini,90,mabbatinid3@telegraph.co.uk
473,Selena,Beedom,1,sbeedomd4@purevolume.com
474,Putnam,oldey,96,poldeyd5@hibu.com
476,Sonny,Pettet,5,spettetd7@g.co
477,Winslow,Schapiro,56,wschapirod8@uol.com.br
478,Rickard,Peacop,51,rpeacopd9@reverbnation.com
479,Ana,Slesser,13,aslesserda@ameblo.jp
480,Arel,Durden,62,adurdendb@cbslocal.com
484,Myrtia,Shreeves,1,mshreevesdf@census.gov
485,Brenda,Cheel,18,bcheeldg@blogtalkradio.com
487,Mei,Kleiser,82,mkleiserdi@oaic.gov.au
489,Michele,Swaddle,83,mswaddledk@twitter.com
490,Bary,Bowes,69,bbowesdl@devhub.com
491,Geordie,Heffernan,56,gheffernandm@slate.com
492,Martina,Grigorey,7,mgrigoreydn@usa.gov
493,Lisetta,Claremont,81,lclaremontdo@geocities.com
494,Gabie,Stillman,96,gstillmandp@smh.com.au
496,Erick,Ambrogiotti,79,eambrogiottidr@wordpress.org
497,Berkie,Forrest,93,bforrestds@buzzfeed.com
498,Hyman,Baron,99,hbarondt@artisteer.com
499,Bjorn,Tilby,65,btilbydu@wired.com
501,Konstantine,Worts,14,kwortsdw@whitehouse.gov
502,Anjanette,Allman,2,aallmandx@seattletimes.com
503,Roseann,Aiton,76,raitondy@ucla.edu
504,Sullivan,Braferton,17,sbrafertondz@boston.com
505,Agathe,Pont,64,aponte0@ning.com
508,Egon,Ruhben,6,eruhbene3@fastcompany.com
509,Cami,Larkkem,84,clarkkeme4@sciencedaily.com
510,Tonia,Anniwell,78,tanniwelle5@rambler.ru
512,Ellwood,Faers,12,efaerse7@delicious.com
514,Justine,Hove,94,jhovee9@adobe.com
515,Bourke,Passo,68,bpassoea@zdnet.com
517,Mata,Maas,97,mmaasec@instagram.com
518,Ingeborg,Mancell,54,imancelled@pagesperso-orange.fr
519,Thaxter,Liggins,18,tligginsee@ocn.ne.jp
521,Cordula,Marcombe,47,cmarcombeeg@google.it
522,Jacky,Hasted,46,jhastedeh@clickbank.net
523,Rozelle,Mathew,68,rmathewei@state.gov
524,Wendye,Happs,79,whappsej@wikipedia.org
526,Freedman,Sisneros,72,fsisnerosel@upenn.edu
527,Umeko,Pickworth,89,upickworthem@indiatimes.com
528,Robby,Goodby,77,rgoodbyen@prweb.com
529,Frans,Brickstock,49,fbrickstockeo@yandex.ru
530,Giustina,Christofe,2,gchristofeep@theglobeandmail.com
531,Emlynn,Works,63,eworkseq@skyrock.com
532,Leland,Braley,19,lbraleyer@google.com.hk
534,Vasily,Anear,8,vanearet@howstuffworks.com
535,Amalia,Extence,6,aextenceeu@wordpress.com
537,Abby,Gorges,76,agorgesew@google.co.jp
539,Edee,Ettles,4,eettlesey@people.com.cn
540,Tomlin,Creeber,97,tcreeberez@xinhuanet.com
541,Dniren,Miller,98,dmillerf0@nps.gov
542,Jen,Toogood,10,jtoogoodf1@wikia.com
543,Therine,Horsted,47,thorstedf2@ehow.com
544,Hyacintha,Ripsher,57,hripsherf3@dailymail.co.uk
546,Cary,Guess,91,cguessf5@springer.com
547,Arv,Fillis,92,afillisf6@histats.com
548,Janeta,Woliter,75,jwoliterf7@fema.gov
550,Barnabe,Hawksley,100,bhawksleyf9@is.gd
551,Jordan,Gaspard,5,jgaspardfa@imageshack.us
553,Tim,Casham,100,tcashamfc@nps.gov
554,Carl,Lukianov,57,clukianovfd@lulu.com
555,Natassia,Presdee,47,npresdeefe@google.ca
556,Angelina,Tregido,15,atregidoff@angelfire.com
557,Renee,Ezzell,75,rezzellfg@friendfeed.com
559,Whitney,Friary,89,wfriaryfi@dyndns.org
560,Drake,Paddison,3,dpaddisonfj@senate.gov
562,Reba,Mirfin,56,rmirfinfl@soup.io
563,Meryl,Cherrie,53,mcherriefm@mapquest.com
564,Merissa,Buckell,62,mbuckellfn@comsenz.com
565,Kaila,Kirkup,20,kkirkupfo@github.com
567,Lucio,Murrish,97,lmurrishfq@cisco.com
568,Marve,Hitcham,15,mhitchamfr@technorati.com
569,Zondra,Crosse,2,zcrossefs@sphinn.com
572,Brand,Mattisson,64,bmattissonfv@meetup.com
574,Leta,Gaw,61,lgawfx@bloglovin.com
575,Forrest,Mulhall,93,fmulhallfy@usatoday.com
576,Romeo,Burchard,50,rburchardfz@godaddy.com
577,Rani,Conrad,56,rconradg0@freewebs.com
578,Joceline,Jakel,18,jjakelg1@businesswire.com
579,Terrance,Hammatt,86,thammattg2@sina.com.cn
584,Desdemona,Goodread,11,dgoodreadg7@studiopress.com
585,Algernon,Tolputt,76,atolputtg8@chron.com
586,Arvie,Gage,66,agageg9@pcworld.com
589,Quintina,Yakutin,98,qyakutingc@kickstarter.com
590,Domenico,Bachmann,82,dbachmanngd@cnn.com
591,Jacki,Berkley,62,jberkleyge@purevolume.com
593,Allister,Baylie,18,abayliegg@taobao.com
594,Allx,Woolcocks,62,awoolcocksgh@homestead.com
595,Lian,Oldland,55,loldlandgi@moonfruit.com
596,Corrie,Tincombe,6,ctincombegj@google.ca
597,Marius,Handaside,64,mhandasidegk@example.com
598,Jenna,Halstead,69,jhalsteadgl@sfgate.com
601,Oralia,O' Hogan,74,oohogango@nsw.gov.au
603,Casandra,Spurrior,61,cspurriorgq@abc.net.au
604,Melinde,Tembridge,20,mtembridgegr@reference.com
605,Ardelis,Drydale,80,adrydalegs@trellian.com
606,Alison,Odde,90,aoddegt@globo.com
607,Kory,Rabley,52,krableygu@ovh.net
609,Land,Ingamells,72,lingamellsgw@chron.com
610,Stacy,Crate,71,scrategx@aol.com
613,Foster,Chadbourn,97,fchadbournh0@usa.gov
614,Penelopa,Trevear,93,ptrevearh1@360.cn
615,Anatola,Martinez,83,amartinezh2@unicef.org
616,Larisa,Wemes,90,lwemesh3@globo.com
617,Karna,Derdes,95,kderdesh4@booking.com
620,Yelena,Plews,57,yplewsh7@google.de
621,Noelyn,Earry,5,nearryh8@skyrock.com
622,Cosette,Pennoni,61,cpennonih9@samsung.com
623,Terri,Glashby,52,tglashbyha@bloglovin.com
625,Adriaens,Berndtssen,7,aberndtssenhc@csmonitor.com
626,Ronnie,Edworthy,76,redworthyhd@google.com.hk
629,Kayla,Catt,56,kcatthg@ameblo.jp
631,Elisa,Cossom,83,ecossomhi@nba.com
633,Pascale,Polendine,66,ppolendinehk@istockphoto.com
635,Anna,Iacobetto,76,aiacobettohm@exblog.jp
636,Gerta,Glasbey,12,gglasbeyhn@diigo.com
637,Kittie,Skarr,97,kskarrho@dell.com
638,Pattin,Beckers,74,pbeckershp@ihg.com
639,Aili,Ibbett,56,aibbetthq@slashdot.org
640,Sheila,Standring,13,sstandringhr@squidoo.com
641,Maure,Zannetti,86,mzannettihs@bing.com
643,Sybil,Tembridge,94,stembridgehu@odnoklassniki.ru
644,Hamlen,Poulton,64,hpoultonhv@gravatar.com
645,Nate,McGrory,46,nmcgroryhw@typepad.com
646,Garvy,La Rosa,87,glarosahx@usatoday.com
647,Becka,Gillyett,62,bgillyetthy@cnet.com
650,Honoria,Shortland,79,hshortlandi1@discovery.com
651,Martina,Huxton,75,mhuxtoni2@cmu.edu
652,Stoddard,Clampton,88,sclamptoni3@weibo.com
653,Milly,Devo,87,mdevoi4@posterous.com
654,Menard,Findlay,68,mfindlayi5@unicef.org
655,Grete,Yukhnin,88,gyukhnini6@tripadvisor.com
656,Salem,St Quenin,55,sstquenini7@msn.com
657,Tommy,Sambell,47,tsambelli8@berkeley.edu
660,Alanna,Andreasson,17,aandreassonib@booking.com
662,Evered,Gellier,53,egellierid@yolasite.com
663,Regan,Pisculli,15,rpisculliie@europa.eu
664,Viva,Hallford,12,vhallfordif@wisc.edu
665,Elle,Ramsdell,66,eramsdellig@ox.ac.uk
666,Zabrina,Mouget,2,zmougetih@yandex.ru
667,Karin,Cranny,61,kcrannyii@list-manage.com
668,Ardys,Roycroft,72,aroycroftij@blogger.com
670,Boone,McCaskill,11,bmccaskillil@addthis.com
671,Lewie,O'Leahy,17,loleahyim@si.edu
672,Ellswerth,Gabey,70,egabeyin@cmu.edu
673,Derrick,Musso,71,dmussoio@simplemachines.org
674,Janet,Bendan,61,jbendanip@techcrunch.com
675,Roddy,Mayor,78,rmayoriq@independent.co.uk
676,Elisabeth,Manueli,5,emanueliir@odnoklassniki.ru
677,Flynn,McCole,64,fmccoleis@tinyurl.com
678,Shannah,Macklam,74,smacklamit@webnode.com
679,Ceciley,Enrich,79,cenrichiu@phoca.cz
680,Cordelia,Dearden,56,cdeardeniv@youku.com
682,Wyatan,Geraldez,51,wgeraldezix@drupal.org
683,Adoree,Goare,47,agoareiy@nationalgeographic.com
684,Rand,Sibson,97,rsibsoniz@pagesperso-orange.fr
685,Dolley,Aleksandrev,17,daleksandrevj0@hexun.com
686,Winifield,Johananoff,8,wjohananoffj1@apache.org
688,Arni,Playfoot,53,aplayfootj3@facebook.com
689,Arv,Reynold,80,areynoldj4@sourceforge.net
690,Danit,Maggs,92,dmaggsj5@admin.ch
691,Dreddy,Hoxey,61,dhoxeyj6@lycos.com
692,Eugenio,Rochford,61,erochfordj7@prweb.com
693,Diann,Caris,82,dcarisj8@wikispaces.com
694,Bernhard,Clinton,2,bclintonj9@apple.com
695,Kris,Spofforth,7,kspofforthja@apache.org
698,Ricca,Labbey,75,rlabbeyjd@ucsd.edu
699,Savina,Ruprich,89,sruprichje@linkedin.com
700,Wilhelmina,Vondruska,64,wvondruskajf@hexun.com
701,Freddy,Raittie,97,fraittiejg@xinhuanet.com
704,Easter,Bowling,74,ebowlingjj@people.com.cn
706,Ade,Tewkesbury,52,atewkesburyjl@bloglines.com
707,Sansone,Mancktelow,17,smancktelowjm@walmart.com
709,Dion,Newell,7,dnewelljo@sbwire.com
710,Carma,O'Noulane,87,conoulanejp@msn.com
711,Kelsi,Ennion,66,kennionjq@ucsd.edu
712,Barnard,Tchir,85,btchirjr@dyndns.org
713,Grange,Poytres,50,gpoytresjs@bloglines.com
714,Gladys,Fishburn,68,gfishburnjt@pagesperso-orange.fr
715,Bordie,Brewitt,54,bbrewittju@independent.co.uk
719,Jessamyn,Otterwell,95,jotterwelljy@senate.gov
720,Chantalle,Barde,84,cbardejz@ebay.co.uk
721,Odella,Godly,47,ogodlyk0@tmall.com
722,Gerladina,Quilty,5,gquiltyk1@sciencedaily.com
723,Aarika,Longford,54,alongfordk2@globo.com
724,Mohammed,Ast,48,mastk3@miitbeian.gov.cn
725,Benjamin,Twatt,90,btwattk4@businesswire.com
726,Carma,Eagger,72,ceaggerk5@mayoclinic.com
727,Nonnah,Digman,86,ndigmank6@hp.com
729,Malina,Pauncefort,73,mpauncefortk8@ow.ly
731,Myranda,Warratt,100,mwarrattka@ehow.com
737,Gennifer,Gosden,88,ggosdenkg@mtv.com
738,Camala,Kiff,55,ckiffkh@paginegialle.it
740,Dill,Carnoghan,97,dcarnoghankj@sphinn.com
742,Lisbeth,Motte,66,lmottekl@xrea.com
743,Mercy,Taplow,4,mtaplowkm@home.pl
744,Marita,Howey,2,mhoweykn@wiley.com
745,Vanda,Gawkes,10,vgawkesko@istockphoto.com
746,Arlana,Ovitts,62,aovittskp@dell.com
748,Creighton,Rainville,90,crainvillekr@wikispaces.com
749,Starlene,Haill,96,shaillks@furl.net
750,Giffie,Garlee,8,ggarleekt@sakura.ne.jp
751,Layney,Isaac,58,lisaacku@topsy.com
752,Sebastian,Ouldred,81,souldredkv@springer.com
753,Jayme,Youdell,59,jyoudellkw@chron.com
754,Skipton,Geeson,91,sgeesonkx@howstuffworks.com
756,Maxine,McLise,59,mmclisekz@canalblog.com
757,Ardine,Ugoni,46,augonil0@geocities.jp
758,Belle,Kingzett,61,bkingzettl1@instagram.com
762,Wain,Videneev,47,wvideneevl5@ca.gov
763,Melitta,Gard,86,mgardl6@cargocollective.com
764,Winnie,Swynley,84,wswynleyl7@hatena.ne.jp
765,Alden,Statter,18,astatterl8@mayoclinic.com
766,Cull,Stepto,81,csteptol9@java.com
768,Neille,Avo,2,navolb@google.ca
769,Allissa,Jerrems,69,ajerremslc@imageshack.us
770,Jaye,Murr,61,jmurrld@mayoclinic.com
771,Stacee,Pohlke,67,spohlkele@apache.org
772,Bill,Hymas,98,bhymaslf@bing.com
773,Gregory,Henzley,93,ghenzleylg@aol.com
774,Faydra,Haggarth,15,fhaggarthlh@amazon.com
775,Boycie,Ebdon,65,bebdonli@cbsnews.com
776,Esma,Roblett,99,eroblettlj@bbc.co.uk
777,Estrellita,Pena,83,epenalk@tumblr.com
778,Gun,Waud,54,gwaudll@photobucket.com
779,Meier,Wight,11,mwightlm@imageshack.us
780,Myron,Domleo,18,mdomleoln@rakuten.co.jp
781,Clayborn,Ledner,81,clednerlo@jugem.jp
784,Arlee,Farman,73,afarmanlr@newyorker.com
785,Evelina,Barbrook,87,ebarbrookls@tiny.cc
786,Obadiah,Rushbrook,92,orushbrooklt@topsy.com
787,Tan,Cockerill,69,tcockerilllu@symantec.com
788,Michel,Heisler,98,mheislerlv@home.pl
789,Bridget,Sloy,8,bsloylw@accuweather.com
790,Verina,Jeffcoat,50,vjeffcoatlx@soup.io
792,Freedman,Ioan,98,fioanlz@51.la
793,Dall,Lower,53,dlowerm0@blinklist.com
794,Harri,Feechan,94,hfeechanm1@blinklist.com
796,Jeffy,Shearsby,66,jshearsbym3@surveymonkey.com
797,Andrey,Gheeraert,79,agheeraertm4@123-reg.co.uk
799,Anestassia,Metham,83,amethamm6@archive.org
800,Brigitta,Heatley,100,bheatleym7@craigslist.org
801,Tresa,Filipponi,62,tfilipponim8@ucoz.ru
802,Marrissa,Tregear,67,mtregearm9@sbwire.com
803,Cammy,Quainton,99,cquaintonma@mozilla.org
804,Westley,Hadlee,69,whadleemb@webs.com
805,Floris,Glassborow,98,fglassborowmc@nyu.edu
807,Chip,Barehead,89,cbareheadme@wikia.com
808,Katina,Vasyukhin,85,kvasyukhinmf@livejournal.com
809,Nixie,Challes,70,nchallesmg@mapquest.com
810,Wang,Rolley,57,wrolleymh@miitbeian.gov.cn
811,Ramsey,Farncombe,48,rfarncombemi@barnesandnoble.com
812,Terese,Calvard,91,tcalvardmj@issuu.com
813,Frankie,Plaide,7,fplaidemk@zimbio.com
815,Teriann,Thoresby,96,tthoresbymm@mapy.cz
816,Bryon,Sibery,48,bsiberymn@smh.com.au
817,Eveline,Bradder,50,ebraddermo@acquirethisname.com
818,Maximilian,Chad,98,mchadmp@japanpost.jp
819,Errol,Ferier,83,eferiermq@hubpages.com
820,Rodge,Cornfoot,2,rcornfootmr@microsoft.com
822,Ly,Ockwell,83,lockwellmt@facebook.com
823,Morgen,Reichelt,93,mreicheltmu@lycos.com
824,Elysha,Brosh,68,ebroshmv@netvibes.com
826,Ximenes,Steuhlmeyer,14,xsteuhlmeyermx@ca.gov
827,Noland,Salmoni,6,nsalmonimy@foxnews.com
829,Channa,Davisson,78,cdavissonn0@adobe.com
830,Celle,Eseler,80,ceselern1@mapy.cz
831,Vincents,Hellin,62,vhellinn2@google.ca
832,Cymbre,Dagwell,50,cdagwelln3@jimdo.com
833,Lanna,Jestico,59,ljesticon4@digg.com
834,Thurston,Balser,74,tbalsern5@nymag.com
835,Lyssa,Trowbridge,76,ltrowbridgen6@adobe.com
838,Sydel,Claughton,95,sclaughtonn9@bloomberg.com
839,Annemarie,Itzcak,65,aitzcakna@hexun.com
840,Talbert,Kern,64,tkernnb@aol.com
841,Brittni,Sandall,55,bsandallnc@ed.gov
842,Almeria,Copelli,95,acopellind@google.nl
845,Kathleen,Willshere,89,kwillshereng@tinyurl.com
846,Roana,Crippin,66,rcrippinnh@tuttocitta.it
848,Farrah,Ivanovic,7,fivanovicnj@google.ru
849,Meridel,Neylan,20,mneylannk@rakuten.co.jp
850,Lynn,Roughey,49,lrougheynl@vkontakte.ru
851,Hammad,Antoniazzi,76,hantoniazzinm@biblegateway.com
853,Chelsae,Grono,76,cgronono@cafepress.com
854,Lyn,Kitchaside,14,lkitchasidenp@arizona.edu
855,Elsi,Rainsdon,65,erainsdonnq@netscape.com
856,Cecil,Mochar,61,cmocharnr@archive.org
858,Danny,Guillard,51,dguillardnt@123-reg.co.uk
859,Bert,Tremoulet,83,btremouletnu@ca.gov
860,Avigdor,Spoward,10,aspowardnv@amazon.com
862,Lesya,Plom,2,lplomnx@alexa.com
863,Tabby,Iskowitz,46,tiskowitzny@auda.org.au
865,Kettie,Morrel,96,kmorrelo0@hibu.com
867,Sissy,Gersam,77,sgersamo2@sakura.ne.jp
868,Zandra,Brolly,52,zbrollyo3@multiply.com
869,Magda,Ayliffe,92,mayliffeo4@springer.com
871,Rozalin,Faucherand,93,rfaucherando6@live.com
874,Guinna,Kunz,84,gkunzo9@zdnet.com
875,Mabel,Drepp,58,mdreppoa@reverbnation.com
876,Brennen,Tabourel,68,btabourelob@t.co
877,Sibel,Loch,76,slochoc@netlog.com
878,Umberto,Macura,91,umacuraod@mail.ru
879,Rosabel,Blase,91,rblaseoe@mlb.com
880,Giana,Cordier,78,gcordierof@prnewswire.com
881,Vanny,McDermott,10,vmcdermottog@ed.gov
882,Nelia,Watkinson,56,nwatkinsonoh@weather.com
883,Nickie,Kristufek,91,nkristufekoi@utexas.edu
884,Jorey,Maydway,79,jmaydwayoj@hud.gov
887,Andreas,Wasielewski,97,awasielewskiom@t.co
888,Kathryn,Esley,18,kesleyon@goodreads.com
890,Umberto,Stockin,70,ustockinop@flickr.com
891,Mareah,Pinwell,86,mpinwelloq@cafepress.com
893,Jillie,Stolle,13,jstolleos@nature.com
895,Rene,Alywin,97,ralywinou@mysql.com
898,Talbot,Hinkes,62,thinkesox@clickbank.net
899,Eda,Rechert,14,erechertoy@home.pl
900,Gordan,Clutterham,67,gclutterhamoz@cbc.ca
903,Egon,Torr,51,etorrp2@newsvine.com
905,Edna,Breitler,20,ebreitlerp4@etsy.com
908,Caryl,Phelan,51,cphelanp7@chron.com
909,Annabela,Blackwell,19,ablackwellp8@blogspot.com
910,Jerrome,Boothe,16,jboothep9@mlb.com
911,Sigismund,MacAllister,1,smacallisterpa@abc.net.au
913,Madge,Larham,1,mlarhampc@issuu.com
914,Clementine,Lougheid,98,clougheidpd@wordpress.com
915,Brinn,Cohen,56,bcohenpe@taobao.com
917,Ashley,Creaven,49,acreavenpg@aboutads.info
918,Cherie,Folker,89,cfolkerph@narod.ru
919,Kylie,Wetherburn,16,kwetherburnpi@ihg.com
920,Boycie,Lanchberry,73,blanchberrypj@ustream.tv
921,Colleen,Perkins,58,cperkinspk@domainmarket.com
923,Hedwiga,Blench,78,hblenchpm@ox.ac.uk
924,Ken,Ferns,51,kfernspn@ask.com
925,Joy,De Mattei,99,jdematteipo@berkeley.edu
926,Trula,Dobie,73,tdobiepp@zimbio.com
928,Archy,Caw,72,acawpr@irs.gov
929,Belicia,Vasyushkhin,69,bvasyushkhinps@tripod.com
930,Reagan,Beane,56,rbeanept@forbes.com
931,Arin,Stanlick,46,astanlickpu@acquirethisname.com
932,Ewan,Gallihawk,81,egallihawkpv@baidu.com
933,Briana,Milburn,79,bmilburnpw@go.com
935,Dale,Brangan,5,dbranganpy@nature.com
937,Aida,Floweth,84,aflowethq0@goo.gl
938,Marsh,Older,12,molderq1@cornell.edu
940,Annecorinne,Doumenc,100,adoumencq3@newyorker.com
941,Keen,Jelleman,94,kjellemanq4@yahoo.com
944,Melesa,Zute,57,mzuteq7@ameblo.jp
945,Lyda,Corcut,78,lcorcutq8@cdc.gov
946,Joaquin,Sifleet,93,jsifleetq9@typepad.com
947,Erhard,Vasovic,6,evasovicqa@psu.edu
949,Erin,Skoate,46,eskoateqc@biglobe.ne.jp
951,Nicolais,Rampling,55,nramplingqe@kickstarter.com
952,Dotty,Losano,84,dlosanoqf@un.org
953,Armand,Ayars,1,aayarsqg@globo.com
954,Axe,Steinson,58,asteinsonqh@youku.com
955,Rahal,Waplington,79,rwaplingtonqi@wiley.com
956,Curran,Clutton,3,ccluttonqj@intel.com
957,Ashlin,Caris,69,acarisqk@wix.com
958,Eleen,Balffye,97,ebalffyeql@jimdo.com
959,Putnam,Sales,20,psalesqm@walmart.com
960,Trace,Biffen,74,tbiffenqn@dropbox.com
961,Doralia,Fenwick,76,dfenwickqo@examiner.com
963,Jaclyn,Lattimore,16,jlattimoreqq@nymag.com
964,Leslie,Bulmer,73,lbulmerqr@noaa.gov
965,Britte,Norway,67,bnorwayqs@domainmarket.com
966,Harli,Shrieves,7,hshrievesqt@marketwatch.com
967,Ame,Twort,17,atwortqu@mlb.com
969,Mellie,Sylett,64,msylettqw@tuttocitta.it
970,Julee,Mildner,76,jmildnerqx@geocities.jp
971,Korie,Joyes,47,kjoyesqy@nba.com
972,Cheslie,Farran,70,cfarranqz@amazon.com
973,Layton,Aris,64,larisr0@diigo.com
974,Lil,Snelson,74,lsnelsonr1@parallels.com
975,Araldo,Hayhow,87,ahayhowr2@ibm.com
977,Massimo,Allabarton,51,mallabartonr4@samsung.com
978,Susana,Wollers,18,swollersr5@imageshack.us
979,Selestina,Grimster,55,sgrimsterr6@behance.net
980,Elva,Aizik,56,eaizikr7@spotify.com
981,Warren,Strafen,3,wstrafenr8@narod.ru
982,Filip,Mussard,9,fmussardr9@cornell.edu
983,Robbie,Metzing,11,rmetzingra@pinterest.com
984,Michal,Massy,17,mmassyrb@ucoz.com
985,Genevra,Blaase,94,gblaaserc@exblog.jp
986,Jenica,Eagleton,77,jeagletonrd@sbwire.com
987,Merla,Jozwiak,10,mjozwiakre@cisco.com
989,Freddie,Dearl,3,fdearlrg@nifty.com
990,Ab,Hub,67,ahubrh@ca.gov
992,Emory,Wyleman,68,ewylemanrj@skype.com
993,Kathryne,Cholonin,20,kcholoninrk@printfriendly.com
994,Vernice,Orcott,14,vorcottrl@engadget.com
995,Llewellyn,Barkes,61,lbarkesrm@google.cn
996,Patty,Lanfranchi,47,planfranchirn@google.it
997,Prue,Wilfinger,17,pwilfingerro@prweb.com
998,Elizabet,Rycroft,9,erycroftrp@mysql.com
999,Torey,Band,78,tbandrq@behance.net
1000,Tim,Chung,11,tchungrr@oracle.com
